ID,Wave,Epic,Priority,Status,Summary,Description,Pts
ETL-1.7.5.5,WAVE 0,ETL Bug Fixes,HIGH,DONE,CFTC Layer 4 — partial 404 fix (Socrata SODA endpoint),Replaced /api/detail/cot (404) with /resource/6dca-aqww.json Socrata SODA. OData→SoQL query syntax. Superseded by 1.7.5.6.,1
ETL-1.7.5.6,WAVE 0,ETL Bug Fixes,HIGH,DONE,CFTC Layer 4 — confirmed live endpoint /api/v3/,"Live endpoint confirmed: /api/v3/views/6dca-aqww/query.json with app_token. Default sort is ASC from 2000 — $order DESC mandatory. 2-source fallback chain. Layer 4 now live: net=-9,180 NEUTRAL. COMMODITY_REGIME composite confirmed on all runs since 03-21.",2
SYNC-1.3,WAVE 0,Docs,MED,DONE,DEXTER_SYNC_CONTRACT v1.3 — CFTC endpoint + version pairing,"Ticker registry updated with confirmed /api/v3/ endpoint, app_token, dataset ID, ascending-sort warning. Version pairing log rows for 1.7.5.1–1.7.5.6 added.",1
DOCS-MACRO,WAVE 0,Docs,MED,DONE,MACRO_TIERS v3.2 — ETL 1.7.5.6 sync,Tier -1.5 auctions_query promoted to primary (TA_WS=fallback). Tier 3 DTWEXBGS→DTWEXM fix + sanity gate. Full Dollar Decomposition 4-layer section added. Naming fixed.,2
DOCS-REGIME,WAVE 0,Docs,MED,DONE,REGIME_RULES v2.3 — Dollar Decomp wired into weighting,COMMODITY_REGIME + 4 other composites added to Tier 3 rows and ETL→Regime mapping table. ETL sync 1.7.5.6. Naming fixed.,1
DOCS-SOUL,WAVE 0,Docs,MED,DONE,SOUL v2.4 — §3.1 Dollar Decomp supplement,§3.1 Dollar Decomposition added with composite table. ETL filename reference updated. MACRO_TIERS v3.2 xref. Naming fixed.,1
DOCS-MANIFEST,WAVE 0,Docs,MED,DONE,MIDAS_SENTINEL_PROMPT_LIBRARY v2026.4 — 3 corrections,CONVICTION_CAP 0.4 schema added. DOLLAR_DECOMP + BALTIMORE_PSC in checklist. Daily source filenames corrected to ETL 1.7.5.x names. Phase 0 added to TIER_AUDIT integrity table.,2
DOCS-AGENTS,WAVE 0,Docs,MED,DONE,"AGENTS.md v1.1 — model, ETL spec, conflict logic, phase order",Main agent upgraded to gemini-3-flash-preview. ETL spec 1.2.0.0→1.7.5.6. FRA-OIS conflict logic corrected (CB Supremacy). EDGAR web_fetch scope corrected. TIER_AUDIT anchor + CONVICTION_CAP + phase sequence added.,2
DOCS-OC-SOUL,WAVE 0,Docs,HIGH,DONE,OPENCLAW_SOUL 2026.3.22 — 6 logic fixes,"Phase scope 1-5→0-5. 40bps Rubicon logic corrected (Regime A elevated, not Regime C). Canonical threshold source: SOUL §3 not SYNC_CONTRACT. DTCC→SEC FTD. Dollar Decomp + CONVICTION_CAP 0.4 + GatePassObject added.",2
DOCS-HEARTBEAT,WAVE 0,Docs,HIGH,DONE,HEARTBEAT.md v1.1 — 11 fixes,"ETL run at 05:45. NotebookLM upload at 05:55. Phase 0 at 06:00. Phase 0.5 conditional slot. DOLLAR_DECOMP gate check. Phase 5 explicit. DEXTER_SENTINEL→MIDAS_SENTINEL log. 30m FRA-OIS polling removed (SOFR is daily, not real-time). Shadow journal v2026.4 ref.",2
DOCS-NAMING,WAVE 0,Docs,MED,DONE,Naming standardisation — Dexter ETL / Midas Sentinel,"Dexter = ETL/data layer. Midas Sentinel = analysis/OpenClaw layer. 6 violations fixed across dexter_etl, MACRO_TIERS, REGIME_RULES, MIDAS_SENTINEL manifest. Zero violations remaining.",1
DOCS-NOTEBOOKLM,WAVE 0,Docs,HIGH,DONE,dexter_notebooklm_upload.py — automated daily upload,Uploads all ETL output files + foundation docs to NotebookLM in tier priority order. TIER_AUDIT first. dexter_notebooklm_upload.py using notebooklm-py (teng-lin). --dry-run flag. DEXTER_DATA_DIR + DEXTER_FOUNDATION_DIR env vars.,2
CRON-1,WAVE 0,Infrastructure,HIGH,OPEN,"Fix cron UTC offset: 45 5 → 10 45 (fires at 01:45 ET, not 05:45 ET)",Current: 45 5 * * * UTC = 01:45 ET. Target: 10 45 * * 1-5 UTC = 05:45 ET EST. This means the ETL runs in the middle of the night on yesterday's data. Fix before next market day.,1
CRON-2,WAVE 0,Security,CRIT,OPEN,Remove API keys from cron prompt body — move to env vars,"FINNHUB_KEY, FRED_API_KEY, SLACK_WEBHOOK are in plaintext in the cron prompt string. Anyone with cron config access sees all three credentials. Move to Azure VM environment variables or Key Vault. ETL already reads from env vars.",2
CRON-3,WAVE 0,Security,HIGH,OPEN,Fix SLACK_WEBHOOK double-fire — remove from cron prompt body,SLACK_WEBHOOK in both prompt body and delivery config. ETL already posts its own Slack alert at run end. Remove from prompt body to prevent duplicate messages on every run.,1
CRON-4,WAVE 0,Infrastructure,HIGH,OPEN,"Add dexter_notebooklm_upload.py as cron step 3 (after ETL, before Phase 0)",HEARTBEAT 05:55 step. Must run after ETL (which creates the files) and before Phase 0 (which reads them from NotebookLM). All source files must be in notebook before OpenClaw synthesises.,1
CRON-5,WAVE 0,Infrastructure,HIGH,OPEN,Add OpenClaw Phase 0-5 as cron step 6,Signal Aggregator through GMISR Reporter entirely absent from cron. Phase 0→0.5(conditional)→1→2→3→4→5 must be scheduled after NotebookLM upload completes.,2
CRON-6,WAVE 0,Infrastructure,MED,OPEN,Add DAILY_STATE.md update as cron step 7 (after Phase 5),Phase 5 output feeds DAILY_STATE.md carry-over. Currently not scheduled. Shadow journal section must be filled manually before re-opening NotebookLM.,1
CRON-7,WAVE 0,Infrastructure,MED,OPEN,Rename feedmd_config_03-01-2026.yml to date-agnostic name,Hardcoded date in config filename. Will silently use a March 1st config indefinitely. Rename to feedmd_config.yml or derive name dynamically.,1
CRON-8,WAVE 0,Infrastructure,MED,OPEN,Restrict cron to weekdays (1-5) and confirm weekend intent,Currently * * * = 7 days/week. Weekend ETL produces stale data. Recommend 1-5 unless Saturday/Sunday runs are intentional. Weekend data could confuse Monday Phase 1 regime read.,1
DL-1,WAVE 1,Dead-Letter Queue,MED,DONE,Define DeadLetterEntry dataclass and criticality map,"Typed DeadLetterEntry: timestamp, module, source_name, url, error_type, error_detail, is_critical, retry_hint. Critical sources: FRED WALCL/SOFR, yfinance VIX. Non-critical: Treasury auctions.",3
DL-2a,WAVE 1,Dead-Letter Queue,MED,DONE,Thread dead-letter through run_fred() and run_treasury() (M1/M2),Dead_letters list wired into Modules 1 and 2. Bare except replaced with DeadLetterEntry append.,2
DL-2b,WAVE 1,Dead-Letter Queue,MED,DONE,Thread dead-letter through run_market() and run_fed_and_dtcc() (M3/M5),Dead_letters list wired into Modules 3 and 5.,2
DL-2c,WAVE 1,Dead-Letter Queue,MED,OPEN,Thread dead-letter through run_news() and run_calendars() (M7/M6),Two remaining function signatures need dead_letters parameter. run_news() has many feed sources that currently fail silently. run_calendars() Finnhub calls.,2
DL-3,WAVE 1,Dead-Letter Queue,MED,OPEN,Write FAILED_{date}.json + DATA_FAILURES block in TIER_AUDIT,"After all modules complete: write FAILED_{run_date}.json. In build_tier_audit(): count critical failures, reduce CONVICTION_CAP by 0.2 per critical failure (floor 0.2), append DATA_FAILURES section.",3
OO-1,WAVE 1,Offline Observer,LOW,DONE,Define OBSERVATION_RULES dict per module,Expected minimums: FRED >= 400 chars + NET LIQUIDITY string; Auctions >= 10 records; Market CSV >= 15 rows; EDGAR >= 500 chars + PRIORITY 1; News >= 20000 chars + 8 sources; Calendars >= 100 chars.,2
OO-2,WAVE 1,Offline Observer,MED,OPEN,Implement run_offline_observer() as Module 9.5,"Runs after all modules, before build_tier_audit(). Reads each output file, applies OBSERVATION_RULES, builds observations dict with actual vs expected, pass/fail, degradation level. Cross-references dead-letter list.",5
OO-3,WAVE 1,Offline Observer,LOW,OPEN,Inject observation results into TIER_AUDIT and completion banner,Pass observations to build_tier_audit(). Add DATA_QUALITY_REPORT section. CORPUS_QUALITY = (passing/total) × 100. Print in banner alongside CONVICTION_CAP.,3
AW-1,WAVE 2,AWAP Pattern,MED,OPEN,Create staging/ directory structure and write_staged() helper,"Staging subdirectory in dexter_data/YYYYMMDD/. write_staged() writes to staging first; promote() copies to final. Final output files only exist if they passed audit. NotebookLM uploads from root, never sees staging.",3
AW-2,WAVE 2,AWAP Pattern,HIGH,OPEN,Implement pre-write input audit (Audit step 1),"audit_input(module, data, rules) → (passed, errors). Per module: FRED all 9 series non-None; market VIX/DGS10/one equity; EDGAR P1 or P2 hit; news 3+ feeds. Fail: write DEGRADED to staging, append dead_letter.",8
AW-3,WAVE 2,AWAP Pattern,HIGH,OPEN,Implement post-write output audit (Audit step 2),"audit_output(staged_path, rules). FRED_SUMMARY: all 9 labels; COMMODITIES: WTI+Brent non-zero; TIER_AUDIT: all required sections. Pass → promote(). Fail → AUDIT_FAILED_{module}_{date}.txt.",5
AW-4,WAVE 2,AWAP Pattern,MED,OPEN,Implement three audit failure strategies (Fail/Dispatch/Ignore),"Per-module AUDIT_FAILURE_STRATEGY: Fail (FRED), Dispatch to dead-letter (Treasury/market), Ignore+DEGRADED (news). TIER_AUDIT reflects which strategy fired.",5
SC-1,WAVE 2,Schema Compat,MED,OPEN,Define expected schemas for all external API responses,SCHEMAS dict in schema_registry.py. Treasury auctions_query required fields. FRED observations list. EDGAR _source with file_date. yfinance DataFrame with Close. Mark required/optional/deprecated.,3
SC-2,WAVE 2,Schema Compat,HIGH,OPEN,Implement validate_schema() and inject into fetch steps,"validate_schema(data, schema) → (compatible, drift_report). Three outcomes: compatible; forward-compatible (new optionals, log); backward-incompatible (required missing, → SCHEMA_DRIFT dead_letter). Inject into run_treasury/fred/edgar/market.",5
SC-3,WAVE 2,Schema Compat,LOW,OPEN,Write SCHEMA_DRIFT report and auto-update optional field registry,"SCHEMA_DRIFT_{date}.txt when new optionals appear. Auto-learn: new field 3 runs in a row → add to optional list with comment. Backward-incompatible → CRITICAL flag, halt module.",3
ID-1,WAVE 3,Idempotency,LOW,DONE,Define idempotency granularity and document the contract,run_date (YYYYMMDD) is the idempotency partition key. dexter_data/YYYYMMDD/ is one atomic unit. Two runs for same date produce identical output (same API responses).,1
ID-2,WAVE 3,Idempotency,HIGH,DONE,Fix FRED_SUMMARY append bug — most urgent idempotency violation,"Treasury XML block moved before write_file() in run_fred(). Built as tsy_block='', written once as summary+tsy_block. No read_text() anywhere. Confirmed fixed in 1.7.5.2.",2
ID-3,WAVE 3,Idempotency,HIGH,OPEN,Implement atomic write via stage-then-rename (write_atomic),"write_atomic(path, content): write to path.with_suffix('.tmp'), then os.replace(tmp→final). Atomic on POSIX. Add startup cleanup of *.tmp orphans. Replaces write_file() everywhere.",5
ID-4,WAVE 3,Idempotency,MED,OPEN,Add run MANIFEST.json with schema version and ETL script hash,"MANIFEST.json in dexter_data/YYYYMMDD/: run_date, etl_version (hash), schema_version, modules_completed, run_start/end. On re-run: skip completed modules unless --force-rerun.",5
ID-5,WAVE 3,Idempotency,MED,OPEN,Make EDGAR incremental with delta-column state file (edgar_state.json),"State file with last_successful_fetch_dt. since = max(last_fetch, today-14d). After successful write update state. 14-day backfill window. Eliminates ghost-filing problem.",5
ID-6,WAVE 3,Idempotency,MED,OPEN,--force-rerun flag and idempotency test procedure,"CLI flag: delete manifest, clear staging, re-run all. Test: run twice for same date, diff output — byte-identical except TIER_AUDIT timestamp.",3
SCRAP-1,WAVE 4,Scrapling,HIGH,OPEN,Refactor scrapling_news.py — Category A sources only,"Remove all 10 overlap sources (Reuters/FT/WSJ/CNBC/MarketWatch/BIS/Fed/FRED/SEC/Google — ETL already covers these). Keep: BoJ, PBOC, BoE, BCB, RBI, SAMA, Caixin, Risk.net, Trading Economics, Al Jazeera, Les Echos, Arabian Business, Brazil Journal, Hankook Ilbo, chinanews.com.cn. Reduces runtime ~50% and eliminates redundant data.",3
SCRAP-2,WAVE 4,Scrapling,HIGH,OPEN,Write merge_scrapling_into_corpus.py — append §SCRAPLING_SUPPLEMENT to NEWS_CORPUS,"Reads scraping output directory, reads existing NEWS_CORPUS_{date}.txt, appends §SCRAPLING_SUPPLEMENT section with tier-tagged content. Must run after ETL (NEWS_CORPUS must exist first) and before NotebookLM upload.",3
SCRAP-3,WAVE 4,Scrapling,MED,OPEN,Document scrapling data lineage in SYNC_CONTRACT v1.4,"Add scrapling_news.py to source registry. Map Category A sources to MACRO_TIERS tiers: BoJ/PBOC/BoE → Tier -1, Caixin → Tier 2/3, Risk.net → Tier -1/4. Document cron step order dependency.",1
SCRAP-4,WAVE 4,Scrapling,MED,OPEN,Wire scrapling Category A sources into MACRO_TIERS tier routing,Add BoJ/PBOC/BoE/BCB/RBI to MACRO_TIERS Tier -1 source list. Add Caixin/Brazil Journal to Tier 2/3 HDS routing. Add Risk.net to Tier -1 specialist sources. Update MACRO_TIERS v3.3.,2
GMISR-1,WAVE 5,GMISR v2.0,HIGH,OPEN,Add GICS codes to SENTENCE_DIRECTIVE setups (Phase 4 prompt),Every driver and active setup must carry full GICS code (e.g. 45103010). Phase 4 prompt addition. No ETL change required.,2
GMISR-2,WAVE 5,GMISR v2.0,HIGH,OPEN,Add qualitative invalidation condition per driver,Each setup in SENTENCE_DIRECTIVE must include: INVALIDATION: [specific condition that cancels the thesis]. e.g. 'US-Iran ceasefire' or 'CEO retracts exit'. Phase 4 prompt addition.,2
GMISR-3,WAVE 5,GMISR v2.0,HIGH,OPEN,Add Catalyst Map 24h/48h/72h as Block 10 to Phase 5 GMISR schema,"Structured forward-looking catalyst timeline: what to watch for in next 24h, 48h, 72h. Phase 5 prompt schema addition. Corresponds to v1.0 Block 10.",2
GMISR-4,WAVE 5,GMISR v2.0,HIGH,OPEN,Add structured pair trade output to Phase 5,Phase 5 GMISR Strategy Matrix block: Long [TICKER] ([GICS]) / Short [TICKER] ([GICS]) with GICS sector logic. Replaces individual setup list. Phase 5 prompt schema addition.,2
GMISR-5,WAVE 5,GMISR v2.0,MED,OPEN,Add per-claim source citation (Block 11 Data Lineage) to Phase 5,"Phase 5 GMISR Data Lineage block: cite source per major claim. Financial tables, geopolitical, macro/credit sources named. Phase 5 prompt addition.",2
GMISR-6,WAVE 5,GMISR v2.0,MED,OPEN,Add NDI (Narrative Divergence Index) to Phase 3 NARRATIVE_ALPHA output,Count distinct narrative clusters in NEWS_CORPUS. Score 0-1. Add to NARRATIVE_ALPHA contract as NDI field. Phase 3 prompt addition.,2
GMISR-7,WAVE 5,GMISR v2.0,MED,OPEN,Add Narrative Velocity / NLLI scoring to Phase 3,Score velocity of emerging vs established narrative clusters. New cluster gaining saturation = positive NLLI. Add NLLI to NARRATIVE_ALPHA contract.,3
DELTA-1,WAVE 5,Model Delta,MED,OPEN,Add Claude (Anthropic API) as Lineage B agent in AGENTS.md,"Add second researcher agent using Claude Sonnet via Anthropic API. Lineage A = Gemini flash-preview, Lineage B = Claude Sonnet. Both run Phase 3 (Fundamental Agent) independently on same corpus.",3
DELTA-2,WAVE 5,Model Delta,MED,OPEN,Write Phase 3.5 delta synthesiser prompt,"New phase between Phase 3 and Phase 4. Takes both NARRATIVE_ALPHA contracts (Lineage A + B). Identifies agreements (high confidence), disagreements (flag for human review), and synthesises into a single consolidated NARRATIVE_ALPHA_CONSENSUS. When lineages disagree on direction: flag CONFLICT_WITH_LINEAGE_B = TRUE.",3
DELTA-3,WAVE 5,Model Delta,MED,OPEN,Add Model Delta block (Block 4) to Phase 5 GMISR schema,"Block 4 in GMISR: what did Lineage A say, what did Lineage B say, where did they diverge, what was the synthesis decision. Maps to v1.0 Block 4.",2
DELTA-4,WAVE 5,Model Delta,LOW,OPEN,Define sizing rule from lineage delta,"When Lineage A and B disagree on direction: use cautionary lineage for position sizing (per v1.0 logic: Claude divergence for pair selection, ChatGPT cautionary sizing). Encode in Phase 4 SENTENCE_DIRECTIVE sizing formula.",2
SCORE-1,WAVE 5,Scored Metrics,MED,OPEN,Implement HDS auto-scoring in run_news(),Compute Headline Density Score per tier: count of matching headlines per tier_keywords group / total items. Write HDS per tier to NEWS_CORPUS header section. Top 3 themes by count = blob detection.,5
SCORE-2,WAVE 5,Scored Metrics,MED,OPEN,Implement VPI (Volatility Pricing Index) in build_tier_audit(),VPI = VIX_spot / (5-day realized vol proxy). VIX > realized → VIX lagging = VPI > 1 (underpriced stress). Requires 5-day VIX history from RUN_HISTORY.log. Add to TIER_AUDIT.,3
SCORE-3,WAVE 5,Scored Metrics,MED,OPEN,Implement LFI (Liquidity Friction Index) in build_tier_audit(),LFI = composite of: FRA-OIS normalised (0-1 over 0-60bps range) + BDC price discount to NAV proxy + EDGAR 8-K withdrawal/redemption count. Write to TIER_AUDIT.,5
SCORE-4,WAVE 5,Scored Metrics,MED,OPEN,Implement NLLI (Narrative Lag-Lead Indicator) in run_news(),Compare current run's tier headline counts to prior 5-run rolling average. Rising count in tier = positive NLLI for that tier. Write NLLI vector to NEWS_CORPUS header.,5
SCORE-5,WAVE 5,Scored Metrics,LOW,OPEN,Implement CCS (Cross-Correlation Score) in run_market(),"CCS = correlation between ratio-pair movements (TQQQ/SQQQ, Gold/NASDAQ etc) vs broad index. Low CCS = idiosyncratic alpha opportunity. Requires 5-day price history.",5
SCORE-6,WAVE 5,Scored Metrics,LOW,OPEN,Implement CXOD (Cross-Asset Order Delta) in run_market(),"CXOD = signed flow divergence: (USO 1d return) - (QQQ 1d return). Positive = energy bid, equities sold. Negative = risk-on. Write to COMMODITIES/EQUITIES files.",3
SCORE-7,WAVE 5,Scored Metrics,LOW,OPEN,Implement PSI (Policy Sensitivity Index) in build_tier_audit(),PSI = composite of: GDP revision magnitude + FRA-OIS level + high-impact events within 5 days + earnings guidance revision count. Higher PSI = higher policy error risk.,5
IQ-5,WAVE 5,Advanced Signals,MED,DONE,COT/CFTC positioning (Module 6b Layer 4) — LIVE,"CFTC non-commercial net long on USD Index (098662) via /api/v3/. Confirmed working 2026-03-22. net=-9,180 = NEUTRAL. Composite unaffected by positioning at this level.",2
T4-8,WAVE 5,Advanced Signals,MED,OPEN,Gold/NASDAQ absolute >0.30 flag in TIER_AUDIT,MA deviation exists (gn_ma_pct). Absolute ratio flag (gn_ratio > 300 at ×1000 scale) is missing from TIER_AUDIT. Add as separate row in TIER_5 block.,2
T4-10,WAVE 5,Advanced Signals,HIGH,OPEN,RATIO_SIGNALS named section in TIER_AUDIT — schema 2.0.0.0,Major schema change: add dedicated RATIO_SIGNALS section listing all SOUL §3 ratio pair statuses in a consistent format. Requires build_tier_audit() rewrite and version bump.,8
P1-1,WAVE 6,Parquet snapshot layer,HIGH,OPEN,Add write_parquet_snapshot() to ETL main(),"After build_tier_audit() completes, write one Parquet row to dexter_data/parquet/gmisr_metrics/ partitioned by run_date. 28 typed columns: all TIER_AUDIT scalars + scored metrics (HDS/VPI/LFI/NLLI/PSI/CXOD/NDI) + regime + conviction_cap + sentence_bias + dollar_composite + cftc_net + all ratio values. pandas .to_parquet(). Zero infra — writes to local disk. ETL bump to 1.8.0.0.",3
P1-2,WAVE 6,Parquet snapshot layer,HIGH,OPEN,Define and lock GMISR_METRICS Parquet schema v1.0,Create schema_registry.py entry for gmisr_metrics. 28 typed columns. Scored metric columns NULLABLE until SCORE-1/7 Wave 5 work lands. Schema version in MANIFEST.json. Breaking changes require migration script.,2
P1-3,WAVE 6,Parquet snapshot layer,MED,OPEN,Add phase1_agreement and actual_spx_5d ML label columns,phase1_agreement BOOL: written retrospectively from DAILY_STATE.md shadow journal field after Phase 10. actual_spx_5d FLOAT: forward-filled weekly cron — SPX return for runs where 5 trading days elapsed. These are the two primary ML target label columns. Cannot be filled at run time.,3
P1-4,WAVE 6,Parquet snapshot layer,MED,OPEN,Write backfill_parquet.py — populate history from existing run archives,"One-time script: reads RUN_HISTORY.log to enumerate past run dates, parses each dexter_data/YYYYMMDD/ TIER_AUDIT + FRED_SUMMARY + DOLLAR_DECOMP into structured dicts, writes Parquet rows for all historical dates. Nullable for fields not in older ETL versions. Idempotent: skips run_dates already in store.",5
P2-1,WAVE 6,DuckDB analytics layer,MED,OPEN,Set up DuckDB + Evidence.dev local dashboard,"pip install duckdb. Write dexter_analytics.py: connects to gmisr_metrics Parquet, exposes 5 standard queries (regime trend 90d, metric heatmap, conviction history, NLLI velocity chart, phase1_agreement accuracy rate). Evidence.dev renders static local dashboard from SQL. Zero infra, runs on-machine.",3
P2-2,WAVE 6,DuckDB analytics layer,MED,OPEN,Build 30/60/90-day regime and metrics dashboard,Dashboard pages: (1) Regime timeline bar chart with conviction_cap overlay. (2) Scored metrics heatmap HDS/VPI/LFI/NLLI/PSI colour-coded by week. (3) Dollar decomp history COMMODITY_REGIME vs TRUE_RISK_OFF over time. (4) Shadow journal accuracy — rolling PHASE1_AGREEMENT % by month. Replaces ad-hoc NotebookLM lookbacks.,3
P3-1,WAVE 6,Feature store (ML bridge),LOW,OPEN,Implement Feast feature store — point-in-time correct training sets,pip install feast. Define FeatureView over gmisr_metrics Parquet. Entity = run_date. Features = all scored metrics + tier fields. Materialise to local SQLite online store. Key function: get_historical_features() returns training dataset with no look-ahead bias. Prerequisite for Wave 7 HMM classifier.,5
P4-1,WAVE 6,ML regime classifier,LOW,OPEN,Build regime classifier v1.0 — HMM on scored metrics,"Requires >= 30 labelled run_dates (Kelly activation gate). Features: [HDS, VPI, LFI, VX_ratio, FRA-OIS, net_liq_roc, NLLI]. Label: regime A/B/C. Model: Hidden Markov Model (hmmlearn). Regime = hidden state, metrics = observations. Validation: HMM calls vs PHASE1_AGREEMENT shadow journal labels. Phase 10 auditor reports HMM accuracy weekly. Do not activate before 30-trade gate.",8
P4-2,WAVE 6,ML regime classifier,LOW,OPEN,Build SENTENCE_DIRECTIVE outcome tracker — P&L attribution log,"For each SENTENCE_DIRECTIVE conviction >= 0.40: record entry trigger, stop, target, actual_exit, outcome (win/loss/stopped/expired). Write to trade_log.parquet partitioned by run_date. Phase 10 auditor reads trade_log for attribution. Kelly fraction activates when trade_log has >= 30 closed trades.",5
P4-3,WAVE 6,ML regime classifier,LOW,OPEN,Kelly fraction activation and SOUL.md v3.0 update,When trade_log >= 30 closed: compute win_rate and avg_win/loss_ratio. Kelly = win_rate - (1-win_rate)/ratio. Phase 10 produces Kelly note for SOUL.md. Fixed-fractional (1%) active until this gate. Transition from paper-sizing to empirical sizing — SOUL.md version 3.0.,2
CAL-1,WAVE 5,Econ Calendar,HIGH,OPEN,"Enrich run_calendars() — add region, status (released/upcoming), ET time conversion","Current: filters HIGH only, no country code, UTC time, no released/upcoming split. Add: region lookup dict mapping event strings → country code (US/EU/JP/UK/EM). Add: status = RELEASED if event_time < run_time else UPCOMING. Add: ET timezone conversion (UTC → America/New_York). Add: medium-impact events (currently dropped). Produces richer ECON_CALENDAR_{date}.txt.",3
CAL-2,WAVE 5,Econ Calendar,HIGH,OPEN,Add ForexFactory / TradingEconomics calendar as primary source alongside Finnhub,"ForexFactory XML calendar (forexfactory.com/calendar.xml) is the de facto FX trader standard. Provides: country, impact (Low/Medium/High), title, forecast, actual, previous. Free, no auth. TradingEconomics RSS as secondary. Merge with Finnhub, deduplicate by event+date. ForexFactory covers ECB speaker events, central bank speeches Finnhub misses.",3
CAL-3,WAVE 5,Econ Calendar,HIGH,OPEN,Add Atlanta Fed GDPNow as a dedicated ETL source (Module 6c),GDPNow updates Tuesday and Thursday at ~13:00 ET. Scrape atlantafed.org/cqer/research/gdpnow current estimate + prior estimate. Write to ECON_CALENDAR_{date}.txt as a separate NOWCAST section. Tier 1 relevance: GDP nowcast is a leading indicator of Fed policy path. Uses scrapling (JS-rendered page) or direct HTML parse.,2
CAL-4,WAVE 5,Econ Calendar,MED,OPEN,Add tier_tag mapping to each calendar event,"Create ECON_TIER_MAP dict: keywords → tier. Examples: 'CPI','PCE','inflation' → Tier 2; 'GDP','NFP','unemployment' → Tier 1; 'fed funds','FOMC','rate decision' → Tier -1; 'BoJ','ECB','BoE' speaker → Tier -1 + Tier 3; trade balance → Tier 3. Write tier_tag to each event line in ECON_CALENDAR. Phase 0 uses this to route event into the correct tier section of TIER_AUDIT.",2
CAL-5,WAVE 5,Econ Calendar,MED,OPEN,Compute and write event suppression scalars per-event in ECON_CALENDAR,"Current: suppression scalar note is text-only. Add per-event scalar computation: FOMC day = 0.25, FOMC T-1 = 0.50, CPI day = 0.30, CPI T-1 = 0.60, Major CB speaker (ECB/BoE/BoJ) = 0.75, Major auction day = 0.75, no events = 1.0. Write both scalar and next-day T-1 scalar to file. Phase 2 GatePass reads these directly instead of re-computing from raw event list.",2
CAL-6,WAVE 5,Econ Calendar,MED,OPEN,Add released vs upcoming split with actual vs forecast delta in ECON_CALENDAR,"For RELEASED events (event_time < run_time): compute surprise_delta = actual - forecast. Flag BEAT (delta positive, lower=better reversed for CPI etc) or MISS. Write: 'RELEASED -- Singapore CPI 1.2% actual vs 1.3% forecast [BEAT] [TIER 2]'. For UPCOMING events: write forecast, prior, time until release. Phase 3 Fundamental Agent reads RELEASED actuals as a tier-tagged signal source.",3
CAL-7,WAVE 5,Econ Calendar,LOW,OPEN,Add central bank speaker event scraping from ECB/BoJ/BoE press release RSS,"ECB: ecb.europa.eu/press/calendars/mopo/html/index.en.html RSS. BoJ: boj.or.jp/en/announcements/release/index.htm RSS. BoE: bankofengland.co.uk/rss/publications RSS. Extract speaker name, title, time, topic. Write as SPEAKER_EVENTS section in ECON_CALENDAR. Tier tag: Tier -1 (rate path) + Tier 3 (FX impact). These are the events Finnhub misses (ECB Lane example in feedback).",3
GMISR-8,WAVE 5,GMISR v2.0,HIGH,OPEN,Add Block 2.5 Economic Calendar to Phase 5 GMISR schema,New block between tier snapshot (Block 3) and scored metrics (Block 2). Structure: (1) Released section with actual/forecast/prior and tier-tagged narrative. (2) Upcoming section with suppression scalar per event. (3) Suppression scalar summary line for Phase 2 gate reference. Region and impact filter buttons in HTML output. Phase 3 Fundamental Agent generates 1-sentence narrative per high/med-impact event using the tier_tag and surprise_delta fields from ECON_CALENDAR.,2
SEC-1,WAVE 5,EDGAR v2.0,HIGH,OPEN,"Add filing size, CIK, and minute-level timestamp to EDGAR_.txt output","Current: entity name + form type + date only. Add: _id (CIK), file_size_bytes (from EDGAR EFTS _source.file_size or HEAD request), and filed_at timestamp with HH:MM. Size is a primary v2.0 signal: 301KB CoreWeave cluster vs 10KB routine Form 4. Minute-level timing enables window clustering (7-min CoreWeave, 9-min NVIDIA, 1-min Cadence). Output format: DATE HH:MM  FORM  ENTITY  CIK  SIZE_KB  SIGNAL_NOTES",3
SEC-2,WAVE 5,EDGAR v2.0,HIGH,OPEN,Add Form 4 transaction type parsing — acquisition vs disposal direction,"Current: all Form 4s treated equally. Need: parse transaction code from Form 4 XML (transactionCode field: P=purchase, S=sale, F=tax withholding, A=award, M=option exercise). Only P (open-market purchase) and S (open-market sale) are credible signals. Filter out: F, A, M, V (option exercises, awards, RSU vesting). Write direction to EDGAR_.txt as [BUY] or [SELL] or [RSU/OPTION - not signal]. Requires EDGAR individual filing XML parse for each Form 4 hit.",5
SEC-3,WAVE 5,EDGAR v2.0,HIGH,OPEN,Add GICS 8-digit code lookup from SIC code on all filing entities,"EDGAR EFTS returns sic (SIC code) in _source. Build SIC_TO_GICS mapping dict (SIC 3674=45301020 Semiconductors, SIC 7372=45103010 Application Software, etc). Approximately 200 mappings cover 90% of filing volume. Write GICS code to every filing row in EDGAR_.txt. Enables: buy/sell ratio aggregation by 8-digit sector, GICS divergence analysis (v2.0 §2C), and validated pair trade GICS in SENTENCE_DIRECTIVE.",5
SEC-4,WAVE 5,EDGAR v2.0,HIGH,OPEN,Add officer level filter to Form 4 — CEO/CFO/COO/President only for credibility filter,"EDGAR Form 4 XML contains reportingOwner/officerTitle field. Parse: flag CEO, CFO, COO, President, EVP as OFFICER_LEVEL_PASS. Flag: VP, Director, 10% Owner as OFFICER_LEVEL_WATCH. Flag: Board member as OFFICER_LEVEL_ROUTINE (lower signal). Write officer level to EDGAR_.txt. Enables v2.0 credibility filter: 'CEO/CFO/COO open-market buys/sells >$500K = PASS'. Requires Form 4 XML parse per filing (same call as SEC-2).",3
SEC-5,WAVE 5,EDGAR v2.0,HIGH,OPEN,Add minute-window cluster detection for same-entity or same-sector filing bursts,Current: same-day cluster only. Add: 15-minute window cluster. Algorithm: sort all Form 4s by filed_at timestamp. Slide 15-minute window. If 3+ filings against same entity OR same GICS sector within window: flag as TIMED_CLUSTER with window duration (e.g. '4 entities · 7 min · 301KB'). TIMED_CLUSTER > SAME_DAY_CLUSTER in signal strength. Write cluster flag prominently at top of P1 section.,3
SEC-6,WAVE 5,EDGAR v2.0,HIGH,OPEN,Add Form 144 confirmation tracking — cross-run state for proposed vs confirmed sales,"Form 144 = proposed sale only. v2.0 constraint: do not use as short confirmation until corresponding Form 4 disposal appears under same CIK. Implement: write pending_144s.json to dexter_data/ — dict of {CIK: [proposed_date, entity]}. On each run: check pending_144s.json against today's Form 4 disposals. If Form 4 disposal found for same CIK: mark as CONFIRMED, clear from pending. Write 144 status to EDGAR_.txt: [PROPOSED - awaiting Form 4] or [CONFIRMED - Form 4 filed DATE].",3
SEC-7,WAVE 5,EDGAR v2.0,MED,OPEN,Add Item 7.01 Reg FD mandatory extraction from 8-K filings,"Current: 8-K keyword search only. Add: specific Item 7.01 extraction. EDGAR EFTS search for 8-K with q='Item 7.01' OR 'Regulation FD'. For each hit, fetch the filing index page to identify exhibit type. Write to EDGAR_.txt: 'Item 7.01 Reg FD: [entity] [date] — [what was selectively disclosed]'. Phase 3 LLM instruction: Item 7.01 is mandatory extraction — the signal is what management shared with analysts before public filing.",3
SEC-8,WAVE 5,EDGAR v2.0,MED,OPEN,Add 13D→13G and 13G→13D reclassification detection,"Current: retrieves both form types but does not detect direction changes. Add: for each 13D/G amendment, check prior filing by same filer+CIK in edgar_state.json. If prior = 13D and current = 13G: flag 13D→13G HARVEST (activist reducing, often precedes exit). If prior = 13G and current = 13D: flag 13G→13D DEPLOYMENT (passive becoming activist). Write reclassification direction to EDGAR_.txt: '[HARVEST] Filer X: 13D→13G on Entity Y — activist reducing influence'. State: harvest/deployment is more important than the raw form type.",3
SEC-9,WAVE 5,EDGAR v2.0,MED,OPEN,Upgrade EDGAR LLM instruction block to v2.0 prompt schema,"Replace current 6-line Phase 3 instruction block with full v2.0 schema. Add: (1) Blind Spot section — naming the one truth the news cycle cannot see. (2) Assumption Invalidation — which consensus assumption today's filings challenge. (3) Alpha Signal with all required v2.0 fields: GICS 8-digit, Signal Source with item number, Textual Evidence citation, Thesis, NLLI Phase (Velocity/Exhaustion), Entry Trigger, Time Horizon, LFI/CCS/CXOD qualifiers, 144 Confirmation Status, Key Risk, Invalidation Signal. (4) Chain-of-thought enforcement: no inference without filing citation.",3
SEC-10,WAVE 5,EDGAR v2.0,MED,OPEN,Add SEC Filing Analysis Prompt v2.0 as a foundation file in NotebookLM upload,SEC_Filing_Analysis_Prompt_Version_2_0.md uploaded to NotebookLM alongside SOUL.md / MACRO_TIERS.md etc. Phase 3 uses it as the forensic framework document. Add to dexter_notebooklm_upload.py FOUNDATION_FILES list. Add to HEARTBEAT.md 06:00 upload checklist. Add to MIDAS_SENTINEL_PROMPT_LIBRARY v2026.5 Phase 3 source document reference.,1
GMISR-9,WAVE 5,GMISR v2.0,HIGH,OPEN,Add Block 5 EDGAR Forensic to Phase 5 GMISR schema with v2.0 structure,"New dedicated EDGAR block in Phase 5 GMISR output. Structure: (1) Cluster alert section — timed clusters at top with entity/window/size metadata. (2) Filing inventory table with Form | Entity | GICS | CIK | Size | Direction | NLLI Phase. (3) Blind Spot — one truth news cycle cannot see (with filing citation). (4) Assumption Invalidation — consensus challenged by today's filings. (5) Alpha Signal pair trade with full v2.0 fields including LFI/CCS/CXOD qualifiers and Form 144 confirmation status. P1-P5 filter buttons in HTML output (clusters vs routine toggle). Phase 3 NARRATIVE_ALPHA contract adds: blind_spot, assumption_invalidation, edgar_nlli_phase fields.",3
POLY-1,WAVE 5,Polymarket Layer,HIGH,OPEN,Install py-clob-client and write run_polymarket() — Module 10,"pip install py-clob-client (official Polymarket Python SDK). New function run_polymarket(out_dir, run_date, dead_letters). Query Gamma API (gamma-api.polymarket.com/markets) — no auth required for read-only. Level 0 (no wallet) sufficient for midpoint price queries. Fetch YES token midpoint price for each watched slug → implied probability (0–1 = 0–100%). Graceful failure: if Gamma API unreachable, write UNAVAILABLE and continue pipeline. ETL version bump to 1.8.1.0.",3
POLY-2,WAVE 5,Polymarket Layer,HIGH,OPEN,Define POLY_WATCH_SLUGS — 7 macro event slugs mapped to MACRO_TIERS tiers,"Create module-level constant POLY_WATCH_SLUGS dict: slug → (display_name, tier_tag, soul_threshold_reference). Initial 7 slugs: fed-rate-cut-2026 (Tier -1, fra_ois_watch), fomc-pause-may (Tier -1, fra_ois_emergency), us-recession-2026 (Tier -2, net_liq_roc_emergency), brent-crude-above-100-june (Tier 2, COMMODITY_REGIME), us-cpi-above-4-percent-2026 (Tier 1, T10YIE), japan-rate-hike-q2-2026 (Tier 3, usdjpy_deleverage), ecb-rate-cut-june-2026 (Tier 3, usdchf_stress). Slugs verified against live Gamma API before committing. Document in SYNC_CONTRACT v1.4 as new data source.",2
POLY-3,WAVE 5,Polymarket Layer,HIGH,OPEN,Compute 24h probability delta from Parquet history and write POLYMARKET_SNAPSHOT file,"Load prior day's polymarket_signals Parquet row (from parquet store, P1-1 prerequisite). Compute delta_24h = current_prob - prior_prob for each slug. Flag ALERT if abs(delta_24h) >= 0.05 (5 percentage point move in 24h). Write POLYMARKET_SNAPSHOT_{date}.txt — structured format: SLUG | PROB_PCT | DELTA_24H | LIQUIDITY_USD | TIER_TAG | ALERT | SIGNAL_NOTE. SIGNAL_NOTE is one sentence: 'brent-above-100 at 78% and rising (+6pp) — aligns with COMMODITY_REGIME composite active in ETL TIER_3.' Also write row to polymarket_signals Parquet table partitioned by run_date.",3
POLY-4,WAVE 5,Polymarket Layer,MED,OPEN,Add liquidity filter — minimum $50K open interest to suppress noise,"Polymarket markets vary from $1K to $100M+ in liquidity. Low-liquidity markets (<$50K) produce volatile prices that do not represent genuine information aggregation — they are manipulable by single traders. Add: query Gamma API market volume/liquidity fields. If market volume_24h < $50,000: write ILLIQUID flag, reduce signal confidence to LOW. If volume_24h >= $50,000 and < $500,000: MEDIUM confidence. If volume_24h >= $500,000: HIGH confidence. Write confidence level to POLYMARKET_SNAPSHOT alongside each slug.",2
POLY-5,WAVE 5,Polymarket Layer,MED,OPEN,Add oracle dispute risk flag based on event type classification,"Six major Polymarket controversies in 2025 exhibited recurring failure modes: definition ambiguity, oracle disputes, settlement refusals. Add ORACLE_RISK classification per slug type: LOW — binary economic data releases (CPI above/below X%): objective, numeric settlement. MEDIUM — Fed/ECB rate decisions: objective but timing disputes possible. HIGH — geopolitical/conflict events: definition disputes common (Hormuz 'closed' definition). Write ORACLE_RISK to POLYMARKET_SNAPSHOT. Phase 3 instruction: do not use HIGH oracle_risk slugs as ground truth — directional signal only with stated confidence weighting.",2
POLY-6,WAVE 5,Polymarket Layer,MED,OPEN,Persist polymarket_signals to Parquet — Layer 1 integration,"Add polymarket_signals table to gmisr_metrics Parquet store (Wave 6 P1-1 prerequisite). Schema: run_date DATE PK, slug VARCHAR, prob_pct FLOAT, delta_24h FLOAT, volume_usd FLOAT, confidence VARCHAR, oracle_risk VARCHAR, alert BOOL. One row per slug per day. Enables: DuckDB queries across 90 days of probability history, correlation with regime labels, feature for Wave 7 HMM classifier. Add POLYMARKET_SNAPSHOT_{date}.txt to NotebookLM upload list in dexter_notebooklm_upload.py DAILY_FILES_PRIORITY.",2
POLY-7,WAVE 5,Polymarket Layer,HIGH,OPEN,Add polymarket_divergence field to Phase 3 NARRATIVE_ALPHA contract,"Phase 3 NARRATIVE_ALPHA contract new field: polymarket_divergence. Phase 3 instruction: for each POLY_WATCH_SLUG with confidence >= MEDIUM: (1) Compare implied probability against current TIER_AUDIT regime read. (2) Check alignment: brent-above-100 at 78% + COMMODITY_REGIME = ALIGNED.     fed-rate-cut at 67% + Regime A (contraction) = CONTRADICTS. (3) If CONTRADICTS: surface as polymarket_divergence signal —     'Polymarket implies [X] but ETL regime implies [Y] — divergence is the signal.' (4) Do not resolve the contradiction — surface it for human review. CONFIDENCE WEIGHTING: Polymarket < SEC filings < TIER_AUDIT. If Polymarket and TIER_AUDIT diverge, never override TIER_AUDIT.",3
GMISR-10,WAVE 5,GMISR v2.0,HIGH,OPEN,Add Block 2.7 Prediction Market Probability Layer to Phase 5 GMISR schema,"New block between Economic Calendar (2.5) and Scored Metrics (2). Structure: (1) Probability table: SLUG | PROB | 24H_DELTA | CONFIDENCE | ALIGNMENT.     Alignment = ALIGNED / PARTIAL / CONTRADICTS vs current ETL regime.     Delta coloured: green=prob rising toward regime thesis, red=falling. (2) Divergence alert: if any slug CONTRADICTS current regime —     surface as named alert: 'Polymarket fed-rate-cut at 67% contradicts     Regime A (contraction) — smart money pricing pivot not yet in ETL signal.' (3) Confirmation note: slugs that ALIGN with active regime add confidence.     'brent-above-100 at 78% (+6pp) confirms COMMODITY_REGIME composite.' Filter buttons: All / Macro / Energy / FX / Geopolitical. Confidence and oracle_risk badges per slug.",3
SYNC-2,WAVE 5,Docs,MED,OPEN,Update DEXTER_SYNC_CONTRACT v1.4 — Polymarket source registry,"Add Polymarket section to SYNC_CONTRACT: API: gamma-api.polymarket.com (no auth, read-only) — confirmed working. SDK: py-clob-client (pip install py-clob-client). Auth: Level 0 (no wallet) for read queries. Cadence: daily at ETL run time (05:45 ET). Output: POLYMARKET_SNAPSHOT_{date}.txt. Parquet: polymarket_signals table. Confidence hierarchy: SEC EDGAR > TIER_AUDIT > Polymarket > RSS. Oracle risk taxonomy: LOW (numeric release) / MEDIUM (rate decision) / HIGH (geopolitical). Conflict resolution: TIER_AUDIT always wins. Divergence = surface to human, not auto-resolve. DO NOT use: poly_data library, Apify scraper, 30-minute intraday monitor (wrong architecture for daily brief pipeline).",1
SYNC-3,WAVE 5,Docs,MED,OPEN,Add Polymarket to MACRO_TIERS v3.3 as a Tier -1 / Tier 3 leading indicator source,"Add to MACRO_TIERS §Tier -1 (Repo / Interbank / CCBS): 'Polymarket prediction markets for Fed/ECB/BoJ rate decisions provide real-time implied probability of rate path changes. HIGH liquidity (>$500K) and LOW oracle_risk slugs only. Treat as directional signal below TIER_AUDIT confidence.' Add to §Tier 3 (FX): 'Polymarket geopolitical slugs (Hormuz, conflict escalation) provide leading probability for DXY safe-haven demand spikes. HIGH oracle_risk — use with explicit caveat.' Version bump: MACRO_TIERS v3.3.",1
POLY-8,WAVE 5,Polymarket Layer,LOW,OPEN,Add earnings volatility contract monitoring for Tier 6 earnings Delta cross-check,"For active earnings week: query Polymarket for earnings-related contracts (e.g. ADBE-earnings-beat, NVDA-revenue-above-X). Cross-reference with Tier 6 Earnings Delta score from EARNINGS_CALENDAR. Phase 3 instruction: 'Compare implied earnings beat probability from Polymarket with Earnings Delta score from EDGAR and management tone from NARRATIVE_ALPHA. Is there a divergence between prediction market and fundamental signal?' Only for HIGH liquidity contracts (>$500K). Flag LOW/MEDIUM liquidity as noise. Add to EARNINGS_CALENDAR section of GMISR as supplemental probability field.",2
ARCH-1,WAVE 7,Medallion Architecture,HIGH,OPEN,Provision Databricks workspace and Unity Catalog — midas.bronze/silver/gold namespaces,"Create Databricks workspace (Azure/AWS). Enable Unity Catalog. Create three-level namespace: catalog=midas, schemas=bronze/silver/gold. Grant Dexter ETL service principal WRITE on bronze, READ on silver/gold. Grant OpenClaw/Claude MCP service principal READ on silver and gold only. This is the prerequisite gate for all M-BRNZ, M-SILV, M-GOLD items. Databricks is already in the connected MCP server list (dbc-0df8fb6d-4908.cloud.databricks.com).",3
ARCH-2,WAVE 7,Medallion Architecture,HIGH,OPEN,Define canonical entity resolution schema — ticker normalisation map,"Current state: GC=F (yfinance) vs GOLD (equities txt) vs COM_GOLD (proposed canonical). Build ENTITY_MAP table in Unity Catalog: source_id, source_system, canonical_id, asset_class. Examples: GC=F → COM_GOLD, DX-Y.NYB → FX_DXY, WALCL → FRED_WALCL. All Silver tables join through ENTITY_MAP — never raw source identifiers. This is the entity resolution (Gate 3) prerequisite for all Silver transforms. Also resolves the 'calculation difference' problem: one canonical ID, one calculation.",3
ARCH-3,WAVE 7,Medallion Architecture,MED,OPEN,Define temporal alignment standard — ISO-8601 UTC across all layers,"Current state: TIER_AUDIT uses ET timestamp, SEC_FTD uses YYYY-MM-DD date only, News corpus uses RFC-822 (Fri, 20 Mar 2026), FRED uses YYYY-MM-DD. Silver standard: all timestamps converted to ingest_timestamp_utc (ISO-8601, UTC). Write timestamp_normalise(raw_ts, source_tz) utility function used in all DLT transforms. Document in SYNC_CONTRACT v1.5 as the temporal alignment canonical rule.",2
BRNZ-1,WAVE 7,Bronze Layer,HIGH,OPEN,Register ETL flat-file outputs as Delta Lake Bronze tables in Unity Catalog,"Current Wave 6 P1-1 writes Parquet locally. Extend: also COPY INTO midas.bronze.{table} after each ETL run. One Bronze table per ETL output file type: bronze.fred_summary, bronze.market_data, bronze.treasury_auctions, bronze.dollar_decomp, bronze.sec_ftd, bronze.edgar_filings, bronze.news_corpus, bronze.econ_calendar, bronze.polymarket_signals. Bronze = raw, append-only, no transforms. Includes _metadata.file_path for lineage. ETL service principal writes via databricks-connect or DBFS mount.",5
BRNZ-2,WAVE 7,Bronze Layer,HIGH,OPEN,Add _rescued_data column handling for schema mismatches at Bronze ingest,"DLT auto-routes schema-mismatched fields to _rescued_data column rather than failing the pipeline. Implement: for each Bronze table, define expected schema. Mismatched rows land in _rescued_data as JSON string with source path. Daily monitoring query: SELECT COUNT(*) FROM midas.bronze.* WHERE _rescued_data IS NOT NULL. Alert via Slack if rescued_count > 0 on critical tables (fred_summary, tier_audit). This is the Databricks equivalent of our SCHEMA_DRIFT report (SC-3).",3
BRNZ-3,WAVE 7,Bronze Layer,MED,OPEN,Implement calculation hash (Gate 4) on Bronze model outputs,"For TIER_AUDIT and DOLLAR_DECOMP outputs: compute SHA-256 hash of the decision fields (regime_label, conviction_cap, dollar_composite) at Bronze write time. Store hash in bronze.tier_audit.output_hash column. On Silver promotion: recompute hash from Silver inputs. If hash diverges for same run_date: trigger CALCULATION_DRIFT alert to Slack. This solves the Gemini vs Claude model output drift problem explicitly. Gate 4 from the Medallion document.",3
SILV-1,WAVE 7,Silver Layer,HIGH,OPEN,Build Silver DLT pipeline — refined_market_prices streaming table,"DLT streaming table consuming bronze.market_data + bronze.fred_summary + bronze.polymarket_signals. Gate 1 (Schema): enforce price DOUBLE, timestamp DATE, ticker STRING NOT NULL. Gate 2 (Quality): EXPECT (price > 0) ON VIOLATION DROP ROW, EXPECT (ABS(brent_price - wti_price) < 15) ON VIOLATION QUARANTINE, EXPECT (vx1_vx2_ratio BETWEEN 0.80 AND 1.50) ON VIOLATION DROP ROW. Gate 3 (Entity): join through ENTITY_MAP, convert to canonical_id. Output: midas.silver.refined_market_prices with source_origin lineage column.",5
SILV-2,WAVE 7,Silver Layer,HIGH,OPEN,Build Silver DLT pipeline — sovereign_stress_monitor streaming table,"Consuming bronze.dollar_decomp + bronze.treasury_auctions + bronze.econ_calendar. Gate 1: enforce us_de_spread DOUBLE, auction_btc DOUBLE, event_time TIMESTAMP. Gate 2: EXPECT (us_de_spread IS NOT NULL) ON VIOLATION QUARANTINE, EXPECT (auction_btc > 0) ON VIOLATION DROP ROW, EXPECT (fra_ois_bps BETWEEN -10 AND 200) ON VIOLATION QUARANTINE. Gate 3: all timestamps to UTC, DOLLAR_DECOMP completeness check — all 4 layers (rates/funding/commodity/positioning) must be non-null before day is marked COMPLETE. Output: midas.silver.sovereign_stress_monitor.",5
SILV-3,WAVE 7,Silver Layer,HIGH,OPEN,Build Silver DLT pipeline — settlement_risk_indices streaming table,"Consuming bronze.sec_ftd + bronze.edgar_filings. Gate 1: enforce symbol STRING, quantity_fails INTEGER, settlement_date DATE. Gate 2: EXPECT (price > 0 OR price IS NULL) ON VIOLATION QUARANTINE (SEC_FTD has legitimate zero-price rows for newly listed securities), EXPECT (symbol matches master ticker list) ON VIOLATION DROP ROW. Gate 3: EDGAR entity names normalised through ENTITY_MAP. Output: midas.silver.settlement_risk_indices with TQQQ_FTD as first-class column.",3
SILV-4,WAVE 7,Silver Layer,HIGH,OPEN,Implement Great Expectations suite — 7 named expectations against ETL file types,"Deploy GX (pip install great-expectations) as validation layer between Bronze and Silver. Expectation Suite: dexter_midas_silver_suite. Seven named expectations from document: (1) price_positive: expect_column_values_to_be_greater_than(col=PRICE, val=0) on SEC_FTD. (2) brent_wti_spread: expect_column_pair_values_to_be_between(brent, wti, min=1, max=15) on COMMODITIES. (3) vx_ratio_logic: expect_column_value_to_be_true(VOL_WATCH_FLAG) IF vx_ratio BETWEEN 0.93 AND 1.05. (4) timestamp_format: expect_column_values_to_match_strftime_format(format=%Y-%m-%dT%H:%M:%S). (5) ticker_not_null: expect_column_values_to_not_be_null(col=ticker). (6) fred_yfinance_deviation: custom expectation ABS(fred_wti - yf_wti)/fred_wti < 0.02. (7) tier_completeness: expect TIER_NEG2 through TIER_5 all non-null before Gold publish. GX Data Docs written to dexter_data/gx_docs/ and uploaded to NotebookLM.",8
GOLD-1,WAVE 7,Gold Layer,HIGH,OPEN,Build mkt_regime_final Gold materialized view — REGIME_RULES.md as code,"Materialized view consuming silver.refined_market_prices + silver.sovereign_stress_monitor. Implements REGIME_RULES.md logic as SQL: Regime A: net_liq_roc < 0 AND fra_ois_bps BETWEEN 15 AND 40. Regime B: net_liq_roc > 0 AND fra_ois_bps < 15. Regime C: fra_ois_bps > 60 OR vx_ratio < 0.93. Gate 5 (Completeness quorum): do not publish Gold for run_date unless ALL critical Silver sources for that date are marked COMPLETE. If SEC_FTD is STALE: output Low_Confidence flag, not blocking. Output: midas.gold.mkt_regime_final (regime_label, confidence, signals_confirming, run_date).",5
GOLD-2,WAVE 7,Gold Layer,HIGH,OPEN,Build risk_sentinel_status Gold materialized view — SOUL.md §3/§4 as code,"Materialised view computing CONVICTION_CAP and RISK_SENTINEL_TRIGGER from Silver data. CONVICTION_CAP logic: 1.0 (clean) → 0.5 (stale WALCL/SOFR) → 0.4 (vx_ratio 0.93-1.05) → 0.0 (halt). RISK_SENTINEL_TRIGGER: YES if VIX>35 OR fra_ois_bps>60 OR vx_ratio<0.93 OR net_liq_roc_b<-150. Gold output replaces the TIER_AUDIT text file as the authoritative source for Phase 2 GatePass. Claude MCP queries this table instead of reading TIER_AUDIT text. Output: midas.gold.risk_sentinel_status (conviction_cap, sentinel_trigger, vol_watch, run_date).",5
GOLD-3,WAVE 7,Gold Layer,MED,OPEN,Build liquidity_gate Gold materialized view — MACRO_TIERS §Tier -2 as code,"Materialised view: net_liq_b = WALCL - TGA - RRP (from silver.sovereign_stress_monitor). is_blocked = CASE WHEN net_liq_roc_b < 0 THEN TRUE ELSE FALSE END. gate_status = OPEN/RESTRICTED/CLOSED per Phase 2 GatePass logic. max_positions = CASE regime: A=3, B=5, C=2. Output: midas.gold.liquidity_gate (gate_status, is_blocked, max_positions, position_size_scalar). Phase 2 GatePass agent reads this Gold table directly instead of re-deriving from raw ETL.",3
GOLD-4,WAVE 7,Gold Layer,MED,OPEN,Build backtest_integrity Gold table — DAILY_STATE.md shadow journal as first-class asset,"Append-only table consuming DAILY_STATE.md PHASE1_AGREEMENT field after each Phase 10 Sunday run. Schema: run_date, regime_label, phase1_agreement BOOL, phase1_delta TEXT, regime_dist_a FLOAT, regime_dist_b FLOAT, regime_dist_c FLOAT, dominant_signal TEXT. Compute rolling epistemic_accuracy = 30-day average of phase1_agreement. Alert via Slack if epistemic_accuracy drops below 60% (operator is diverging from model). This is the 'Human-in-the-loop Gold layer' from the document. Feeds directly into Wave 7 HMM regime classifier training as label source.",3
GOLD-5,WAVE 7,Gold Layer,MED,OPEN,Build sync_audit Gold table — DEXTER_SYNC_CONTRACT.md compliance as code,"Daily compliance check: verify ETL TRIGGERS dict values match SOUL §3 canonical thresholds. If any threshold drifts (e.g. fra_ois_watch_bps changes in code but not in SOUL §3): write SYNC_VIOLATION row to midas.gold.sync_audit. Schema: run_date, field_name, etl_value, soul_value, is_compliant BOOL, drift_note TEXT. Replaces manual SYNC_CONTRACT audit. Phase 10 auditor reads sync_audit instead of manual diff.",2
MCP-1,WAVE 7,Claude MCP Integration,HIGH,OPEN,Wire Claude MCP Databricks connector to Gold tables — read-only service principal,"Databricks MCP server already in AGENTS.md connected list (dbc-0df8fb6d-4908.cloud.databricks.com). Configure: Claude reads midas.gold.* tables via MCP SQL queries. Claude does NOT calculate regime — it queries mkt_regime_final and explains why. Claude does NOT compute CONVICTION_CAP — it reads risk_sentinel_status. Add to AGENTS.md: 'For regime classification queries, use Databricks MCP tool to query midas.gold.mkt_regime_final before Phase 1 analysis.' This eliminates calculation differences between Gemini and Claude lineages — both read from the same Gold table.",3
MCP-2,WAVE 7,Claude MCP Integration,MED,OPEN,Add Gold table query examples to Phase 0 and Phase 2 prompts in manifest,"Update MIDAS_SENTINEL_PROMPT_LIBRARY v2026.5: Phase 0 (Signal Aggregator): if Databricks MCP available, query midas.gold.risk_sentinel_status for run_date before reading TIER_AUDIT text. Gold table takes precedence over TIER_AUDIT text file when both available. Phase 2 (GatePass): query midas.gold.liquidity_gate for gate_status and scalars. Phase 5 (GMISR): query midas.gold.mkt_regime_final for regime_label and confidence. TIER_AUDIT text file remains fallback when Databricks MCP unavailable.",2
SYNC-4,WAVE 7,Docs,MED,OPEN,Update SYNC_CONTRACT v1.5 — Medallion layer mapping and temporal alignment standard,Add Medallion section: Bronze: raw ETL output files registered in Unity Catalog. Silver: three refined tables with DLT pipelines and GX expectations. Gold: four decision tables as materialized views — REGIME_RULES/SOUL/MACRO_TIERS/DAILY_STATE as code. Temporal alignment: all timestamps → ISO-8601 UTC via timestamp_normalise(). Entity resolution: all asset identifiers → canonical_id via ENTITY_MAP. Canonical Gold sources: midas.gold.* tables supersede ETL text files when available. Add Wave/item cross-reference table: which WBS item builds which Bronze/Silver/Gold table.,2
SYNC-5,WAVE 7,Docs,LOW,OPEN,Annotate existing Wave 2/3/6 items with Medallion layer equivalence notes,Add annotation to WBS descriptions for: AW-1/2/3/4 → 'local equivalent of Bronze→Silver Gate 1/2/3 logic.' SC-1/2/3 → 'local equivalent of Unity Catalog schema enforcement.' ID-3 → 'local equivalent of Delta Lake ACID write.' P1-1 → 'local Bronze layer; Wave 7 BRNZ-1 is the cloud version.' P2-1 → 'local Silver query layer; Wave 7 GOLD-1 is the cloud version.' This annotation prevents teams implementing both layers from duplicating logic rather than building the cloud version on top of the local version.,1
T4-1,WAVE 4,Scrapling,HIGH,OPEN,Add SI=F (Silver) — MARKET_DATA + COMMODITIES + Gold/Silver ratio,Add SI=F to yfinance fetch in run_market(). Include in MARKET_DATA_{date}.csv. Compute gs_ratio = GC=F / SI=F. Write gs_ratio to COMMODITIES section. Enables Gold/Silver ratio > 85 deflation signal per SOUL §3. T4-1 is prerequisite for T4-9 (ratio threshold flag). ETL version: 2.0.0.0 (part of MAJOR RATIO_SIGNALS wave).,2
T4-2,WAVE 4,Scrapling,HIGH,OPEN,Add CHF=X (USD/CHF) — sovereign fear / gold-adjacent demand signal,Add CHF=X to yfinance FX fetch in run_market(). Threshold: CHF=X < 0.88 = sovereign fear / gold-adjacent demand active. Write to FX_{date}.txt alongside existing JPY/AUD. Add CHF threshold to MACRO_TIERS v3.2 Tier 3 FX section. Add to SOUL §3 canonical ticker registry via SYNC_CONTRACT update.,2
T4-3,WAVE 4,Scrapling,HIGH,OPEN,Add AUDCNH=X (AUD/CNH) — China growth slowdown proxy,Add AUDCNH=X to yfinance FX fetch. Threshold: < 4.50 = China growth slowdown proxy (AUD is the China demand barometer). Write to FX_{date}.txt. Add to MACRO_TIERS v3.2 Tier 3. Add to SYNC_CONTRACT ticker registry.,2
T4-4,WAVE 4,Advanced Signals,HIGH,OPEN,Add TQQQ + SQQQ — NASDAQ momentum regime change signal,Add TQQQ and SQQQ to yfinance fetch in run_market(). Compute tqqq_sqqq_ratio = TQQQ / SQQQ. ROC sign flip on tqqq_sqqq_ratio = NASDAQ momentum regime change. Write ratio to EQUITIES section of TIER_AUDIT per SOUL §3. Note: tqqq_sqqq_ratio already partially referenced in existing items but the actual ticker fetch is not implemented.,2
T4-5,WAVE 4,Advanced Signals,HIGH,OPEN,Add UPRO + SPXU — broad S&P momentum vs tech divergence,Add UPRO and SPXU to yfinance fetch. Compute upro_spxu_ratio. Divergence from tqqq_sqqq_ratio = tech vs broad market rotation signal. Write to EQUITIES. MACRO_TIERS v3.1 Tier 5 reference. ETL 2.0.0.0.,2
T4-6,WAVE 4,Advanced Signals,MED,OPEN,"Add UDOW + SDOW — Dow momentum, lags UPRO = value/cyclical signal",Add UDOW and SDOW to yfinance fetch. Compute udow_sdow_ratio. Lags UPRO signal = value/cyclical underperformance confirmation. Three-ratio system: TQQQ/SQQQ (tech) → UPRO/SPXU (broad) → UDOW/SDOW (value). Write to EQUITIES. MACRO_TIERS Tier 5.,2
T4-7,WAVE 4,Advanced Signals,MED,OPEN,Add AGQ + ZSL — amplified silver signal vs Gold/Silver divergence,Add AGQ and ZSL to yfinance fetch. Compute agq_zsl_ratio. Amplified silver signal cross-referenced against gs_ratio (T4-9). AGQ/ZSL breaking out while gs_ratio > 85 = deflation + silver squeeze signal. Write to EQUITIES alongside existing TQQQ/SQQQ.,2
T4-9,WAVE 4,Advanced Signals,HIGH,OPEN,Compute Gold/Silver ratio > 85 threshold flag in TIER_AUDIT,Requires T4-1 (SI=F) to be live. Compute gs_ratio = GC=F price / SI=F price. Flag gs_warn = TRUE if gs_ratio > 85 (deflation / risk-off regime signal per SOUL §3). Write gs_ratio and gs_warn to TIER_AUDIT RATIO_SIGNALS section (T4-10). Threshold 85 documented in SYNC_CONTRACT as canonical.,2
T4-11,WAVE 4,Docs,MED,OPEN,Update DEXTER_SYNC_CONTRACT v1.5 — ticker registry to v2.0.0.0,"Add 7 new tickers to Canonical Ticker Registry: SI=F, CHF=X, AUDCNH=X, TQQQ, SQQQ, UPRO, SPXU, UDOW, SDOW, AGQ, ZSL. Log v2.0.0.0 sync event (MAJOR ETL bump). Add ratio thresholds: gs_ratio > 85 (deflation), chf < 0.88 (sovereign fear), audcnh < 4.50 (China slowdown). Version pairing: SYNC_CONTRACT v1.5 ↔ ETL 2.0.0.0.",1
IQ-1,WAVE 5,Advanced Signals,HIGH,OPEN,FRA-OIS Δ1 (velocity) and Δ2 (acceleration) — detect 40bps approach before arrival,Add to run_fred(): compute fra_ois_delta1 = current FRA-OIS − prior day FRA-OIS. Compute fra_ois_delta2 = delta1 − prior_delta1 (second derivative = acceleration). Write both to FRED_SUMMARY. Alert condition: delta1 > 2bps/day AND delta2 > 0 = accelerating toward watch zone. This is IQ-1a (velocity) prerequisite for Track B (IQ-8/ID:131 in Jira). ~20-line addition to run_fred(). ETL version 2.1.0.0.,3
IQ-2,WAVE 5,Advanced Signals,MED,OPEN,Regime C exit condition state tracking — regime_state.json,"Create regime_state.json in dexter_data/: tracks exit condition counters. Fields: fra_ois_below_15_days (count of consecutive days below 15bps), vix_contango_days (VX ratio > 1.05 consecutive days), usdjpy_above_147_days. Exit condition per REGIME_RULES v2.3: all three counters must reach threshold before Regime C → Regime B transition allowed. Prevents premature regime flip on single-day data. ETL 2.1.0.0.",3
IQ-4,WAVE 5,Advanced Signals,MED,OPEN,Add VVIX data collection — volatility-of-volatility Black Swan accelerator,Add ^VVIX to yfinance fetch in run_market(). Write to VIX_TERM section alongside existing VIX/VIX3M/SKEW. Signal: VVIX rising while VIX flat = Black Swan acceleration before VIX level breach. VVIX > 120 = elevated tail risk regardless of VIX level. Add threshold to MACRO_TIERS Tier 4 volatility section. ETL 2.1.0.0.,2
IQ-6,WAVE 5,Advanced Signals,MED,OPEN,Earnings Delta scoring automation — Phase 4 regime-multiplied scoring,"Automate Earnings Delta computation in run_calendars(). Formula: earnings_delta_score = |reported_eps - consensus_eps| / consensus_eps. Apply regime multiplier: Regime A = 0.6×, Regime B = 1.2×, Regime C = 0× (blocked). Flag: score × multiplier ≥ 1.5 = EARNINGS_DELTA_SIGNAL in EARNINGS_CALENDAR. Phase 3 uses this flag directly — no manual scoring. Requires EARNINGS_CALENDAR to have consensus EPS (already in Finnhub payload). ETL 2.2.0.0.",3
IQ-7,WAVE 5,Advanced Signals,MED,OPEN,SOURCE_MAP — field-level provenance in TIER_AUDIT (Dataset Tracker pattern),"Add SOURCE_MAP section to TIER_AUDIT. Maps each computed value to its source dataset + timestamp: net_liq_b → FRED WALCL 2026-03-18, fra_ois_bps → FRED SOFR 2026-03-19, wti_price → yfinance CL=F 2026-03-22. Surfaces conflicts: if FRED EIA WTI and yfinance CL=F diverge > 2%, SOURCE_MAP shows both values and flags CONFLICT. Dataset Tracker pattern per WBS 6.1 Book Ch. 10. Shared scope with OB-5. ETL 2.2.0.0.",3
IQ-10,WAVE 5,Advanced Signals,LOW,OPEN,GEX scraper — dealer gamma exposure (data access TBD),"Dealer gamma exposure (GEX) from options market — identifies non-linear S&P/NASDAQ Flip Zones from dealer hedging flows. Data access TBD: no reliable free source. Candidate sources: SpotGamma (paid), Market Chameleon (partial free), CBOE options settlement data (delayed). Placeholder: add GEX_STATUS = UNAVAILABLE to TIER_AUDIT until data source confirmed. Do not implement until source confirmed — log as FUTURE per WBS 6.1. ETL 2.3.0.0.",2
OB-1,WAVE 6,Observability,MED,OPEN,SLA monitoring — per-module timing + elapsed alert (SLA Misses Detector),"Add timing instrumentation to each ETL module: record start_time, end_time, elapsed_s. Write to RUN_HISTORY.log alongside existing completion status. Alert thresholds: total run > 10 min = WARNING Slack, > 20 min = CRITICAL Slack. Per-module: any module > 3 min = WARNING (suggests API timeout or rate limit). SLA Misses Detector pattern per WBS 6.1 Book Ch. 10. ETL 2.x.0.0.",3
OB-2,WAVE 6,Observability,LOW,OPEN,Skew Detector — BTC (bid-to-cover) count vs 4-week rolling average,Compute rolling_avg_btc = mean of last 20 auction BTC values per security type. Flag: if current BTC deviates > 15% from rolling_avg = AUCTION_SKEW alert in TIER_AUDIT. Distinguishes one-off weak auction from trend deterioration. Skew Detector pattern per WBS 6.1 Book Ch. 10. Write BTC rolling avg to TREASURY_AUCTIONS section. ETL 2.x.0.0.,2
OB-3,WAVE 6,Observability,MED,OPEN,Filter Interceptor — NEWS_CORPUS UNCLASSIFIED rate per feed,In run_news(): compute pct_unclassified per RSS feed source. If any feed > 40% UNCLASSIFIED consistently (3 runs): flag feed for quality review. Write per-feed UNCLASSIFIED% to NEWS_CORPUS header alongside HDS. Filter Interceptor pattern per WBS 6.1 Book Ch. 3. Feeds with > 40% UNCLASSIFIED reduce their HDS weight contribution. FinBERT/SBERT upgrade (ID:132) directly reduces UNCLASSIFIED rate. ETL 2.x.0.0.,2
OB-4,WAVE 6,Observability,LOW,OPEN,Data retention policy — TTL for raw ETL outputs + cleanup script,"Raw ETL text files in dexter_data/YYYYMMDD/: 30-day TTL. TIER_AUDIT files: indefinite retention (source of truth for shadow journal). GMISR_METRICS Parquet: indefinite retention (ML training data). Write cleanup_old_runs.py: deletes raw files older than 30 days, preserves TIER_AUDIT. Run as weekly cron on Sunday alongside Phase 10 audit. Configurable TTL via env var.",2
OB-5,WAVE 6,Observability,LOW,OPEN,Fine-grained lineage SOURCE_MAP — shared scope with IQ-7,Shared implementation with IQ-7 (SOURCE_MAP in TIER_AUDIT). OB-5 extends to the Parquet/Gold layer: each Parquet row includes source_hash column linking to the specific ETL run that produced it. Fine-Grained Tracker pattern per WBS 6.1 Book Ch. 10. In Databricks Gold: Unity Catalog lineage tracks Bronze→Silver→Gold for each field. Implement IQ-7 first — OB-5 is the cloud extension of the same concept.,1
GOV-1,GOVERNANCE,Governance,MED,ONGOING,Maintain DEXTER_SYNC_CONTRACT.md — canonical threshold + ticker registry,SYNC_CONTRACT is the single source of truth for all ETL thresholds and ticker IDs. Process: any change to ETL TRIGGERS dict requires simultaneous SYNC_CONTRACT update. Never update SOUL.md/MACRO_TIERS without corresponding SYNC_CONTRACT version log entry. Current: SYNC_CONTRACT v1.4. Target: v1.5 with Wave 4 tickers (T4-11).,1
GOV-2,GOVERNANCE,Governance,MED,ONGOING,Foundation file versioning — SOUL/MACRO_TIERS/REGIME_RULES in sync with ETL,Version pairing rule: ETL MAJOR bump (x.0.0.0) requires all three foundation files updated. Current pairings: ETL 1.7.5.6 ↔ SOUL v2.4 / MACRO_TIERS v3.2 / REGIME_RULES v2.3. ETL 2.0.0.0 (Wave 4) requires: SOUL v2.5 + MACRO_TIERS v3.3 + REGIME_RULES v2.4. Log all pairings in SYNC_CONTRACT version pairing table.,1
GOV-3,GOVERNANCE,Governance,HIGH,ONGOING,NotebookLM corpus reload on MAJOR ETL version bumps,"TIER_AUDIT schema change (MAJOR bump) = Phase 0 prompt may break. Protocol: on every MAJOR bump, perform full NotebookLM source replacement before running Phase 0 for the first time. Test: run Phase 0 on prior day TIER_AUDIT after reload — verify regime output unchanged. MAJOR bumps planned: 2.0.0.0 (RATIO_SIGNALS), 2.3.0.0 (Track B promotion).",1
GOV-4,GOVERNANCE,Governance,MED,ONGOING,"Sync workflow enforcement — ETL TRIGGERS = canonical, foundation files = English","Direction of truth: ETL TRIGGERS dict defines the threshold numbers. Foundation files (SOUL/MACRO_TIERS) describe those numbers in English. Never reverse: do not change SOUL.md and then update ETL to match — always update ETL first, then update foundation files to describe the new value. SYNC_CONTRACT v1.x audits this direction on each version log entry.",1
